{
  "dependencies": {
    "storage1": {
      "resourceId": "/subscriptions/[parameters('subscriptionId')]/resourceGroups/[parameters('resourceGroupName')]/providers/Microsoft.Storage/storageAccounts/storageaccountcovid83a2",
      "type": "storage.azure",
      "connectionId": "AzureWebJobsStorage",
      "secretStore": "AzureAppSettings"
    },
    "appInsights1": {
      "resourceId": "/subscriptions/[parameters('subscriptionId')]/resourceGroups/[parameters('resourceGroupName')]/providers/microsoft.insights/components/CovidCertificateWindows",
      "type": "appInsights.azure",
      "connectionId": "APPINSIGHTS_INSTRUMENTATIONKEY",
      "secretStore": "AzureAppSettings"
    },
    "secrets1": {
      "resourceId": "/subscriptions/[parameters('subscriptionId')]/resourceGroups/[parameters('resourceGroupName')]/providers/Microsoft.KeyVault/vaults/NhsVault",
      "type": "secrets.keyVault",
      "connectionId": "VaultUri",
      "secretStore": "AzureAppSettings"
    }
  }
}