{
  "rules": [
    {
      "configurationName": "Vacc-Moderna",
      "certificateType": "Vaccination",
      "scenario": "Domestic",
      "conditions": [
        {
          "nameOfProduct": "Moderna Biotech Spain S.L",
          "snomedCodes": null,
          "vaccineCombinations": null,
          "productType": "Vaccination",
          "eligibilityPeriodHours": 240000,
          "formatValidity": "Hours",
          "maximumHoursBetweenResults": null,
          "minimumHoursBetweenResults": 504,
          "minCount": 2,
          "resultValidAfterHoursFromLastResult": 336,
          "result": null,
          "notFollowedBy": [],
          "makesEligibleOrIneligible": "Eligible"
        },
        {
          "nameOfProduct": "PCR",
          "snomedCodes": null,
          "vaccineCombinations": null,
          "productType": "Diagnostic",
          "eligibilityPeriodHours": 240,
          "formatValidity": "Hours",
          "maximumHoursBetweenResults": null,
          "minimumHoursBetweenResults": null,
          "minCount": 1,
          "resultValidAfterHoursFromLastResult": 0,
          "result": "Positive",
          "notFollowedBy": [],
          "makesEligibleOrIneligible": "Ineligible"
        },
        {
          "nameOfProduct": "LFT",
          "snomedCodes": null,
          "vaccineCombinations": null,
          "productType": "Diagnostic",
          "eligibilityPeriodHours": 240,
          "formatValidity": "Hours",
          "maximumHoursBetweenResults": null,
          "minimumHoursBetweenResults": null,
          "minCount": 1,
          "resultValidAfterHoursFromLastResult": 0,
          "result": "Positive",
          "notFollowedBy": [
            {
              "productType": "Diagnostic",
              "name": "PCR",
              "results": [
                {
                  "name": "Negative"
                }
              ]
            }
          ],
          "makesEligibleOrIneligible": "Ineligible"
        },
        {
          "nameOfProduct": "UNKNOWN",
          "snomedCodes": null,
          "vaccineCombinations": null,
          "productType": "Diagnostic",
          "eligibilityPeriodHours": 240,
          "formatValidity": "Hours",
          "maximumHoursBetweenResults": null,
          "minimumHoursBetweenResults": null,
          "minCount": 1,
          "resultValidAfterHoursFromLastResult": 0,
          "result": "Positive",
          "notFollowedBy": [
            {
              "productType": "Diagnostic",
              "name": "PCR",
              "results": [
                {
                  "name": "Negative"
                }
              ]
            }
          ],
          "makesEligibleOrIneligible": "Ineligible"
        }
      ],
      "validityPeriodHours": 720,
      "formatExpiry": "Hours"
    },
    {
      "configurationName": "Vacc-Biontech",
      "certificateType": "Vaccination",
      "scenario": "Domestic",
      "conditions": [
        {
          "nameOfProduct": "Biontech Manufacturing GmbH",
          "snomedCodes": null,
          "vaccineCombinations": null,
          "productType": "Vaccination",
          "eligibilityPeriodHours": 240000,
          "formatValidity": "Hours",
          "maximumHoursBetweenResults": null,
          "minimumHoursBetweenResults": 456,
          "minCount": 2,
          "resultValidAfterHoursFromLastResult": 336,
          "result": null,
          "notFollowedBy": [],
          "makesEligibleOrIneligible": "Eligible"
        },
        {
          "nameOfProduct": "PCR",
          "snomedCodes": null,
          "vaccineCombinations": null,
          "productType": "Diagnostic",
          "eligibilityPeriodHours": 240,
          "formatValidity": "Hours",
          "maximumHoursBetweenResults": null,
          "minimumHoursBetweenResults": null,
          "minCount": 1,
          "resultValidAfterHoursFromLastResult": 0,
          "result": "Positive",
          "notFollowedBy": [],
          "makesEligibleOrIneligible": "Ineligible"
        },
        {
          "nameOfProduct": "LFT",
          "snomedCodes": null,
          "vaccineCombinations": null,
          "productType": "Diagnostic",
          "eligibilityPeriodHours": 240,
          "formatValidity": "Hours",
          "maximumHoursBetweenResults": null,
          "minimumHoursBetweenResults": null,
          "minCount": 1,
          "resultValidAfterHoursFromLastResult": 0,
          "result": "Positive",
          "notFollowedBy": [
            {
              "productType": "Diagnostic",
              "name": "PCR",
              "results": [
                {
                  "name": "Negative"
                }
              ]
            }
          ],
          "makesEligibleOrIneligible": "Ineligible"
        },
        {
          "nameOfProduct": "UNKNOWN",
          "snomedCodes": null,
          "vaccineCombinations": null,
          "productType": "Diagnostic",
          "eligibilityPeriodHours": 240,
          "formatValidity": "Hours",
          "maximumHoursBetweenResults": null,
          "minimumHoursBetweenResults": null,
          "minCount": 1,
          "resultValidAfterHoursFromLastResult": 0,
          "result": "Positive",
          "notFollowedBy": [
            {
              "productType": "Diagnostic",
              "name": "PCR",
              "results": [
                {
                  "name": "Negative"
                }
              ]
            }
          ],
          "makesEligibleOrIneligible": "Ineligible"
        }
      ],
      "validityPeriodHours": 720,
      "formatExpiry": "Hours"
    },
    {
      "configurationName": "Vacc-AstraZeneca",
      "certificateType": "Vaccination",
      "scenario": "Domestic",
      "conditions": [
        {
          "nameOfProduct": "AstraZeneca AB",
          "snomedCodes": null,
          "vaccineCombinations": null,
          "productType": "Vaccination",
          "eligibilityPeriodHours": 240000,
          "formatValidity": "Hours",
          "maximumHoursBetweenResults": null,
          "minimumHoursBetweenResults": 504,
          "minCount": 2,
          "resultValidAfterHoursFromLastResult": 336,
          "result": null,
          "notFollowedBy": [],
          "makesEligibleOrIneligible": "Eligible"
        },
        {
          "nameOfProduct": "PCR",
          "snomedCodes": null,
          "vaccineCombinations": null,
          "productType": "Diagnostic",
          "eligibilityPeriodHours": 240,
          "formatValidity": "Hours",
          "maximumHoursBetweenResults": null,
          "minimumHoursBetweenResults": null,
          "minCount": 1,
          "resultValidAfterHoursFromLastResult": 0,
          "result": "Positive",
          "notFollowedBy": [],
          "makesEligibleOrIneligible": "Ineligible"
        },
        {
          "nameOfProduct": "LFT",
          "snomedCodes": null,
          "vaccineCombinations": null,
          "productType": "Diagnostic",
          "eligibilityPeriodHours": 240,
          "formatValidity": "Hours",
          "maximumHoursBetweenResults": null,
          "minimumHoursBetweenResults": null,
          "minCount": 1,
          "resultValidAfterHoursFromLastResult": 0,
          "result": "Positive",
          "notFollowedBy": [
            {
              "productType": "Diagnostic",
              "name": "PCR",
              "results": [
                {
                  "name": "Negative"
                }
              ]
            }
          ],
          "makesEligibleOrIneligible": "Ineligible"
        },
        {
          "nameOfProduct": "UNKNOWN",
          "snomedCodes": null,
          "vaccineCombinations": null,
          "productType": "Diagnostic",
          "eligibilityPeriodHours": 240,
          "formatValidity": "Hours",
          "maximumHoursBetweenResults": null,
          "minimumHoursBetweenResults": null,
          "minCount": 1,
          "resultValidAfterHoursFromLastResult": 0,
          "result": "Positive",
          "notFollowedBy": [
            {
              "productType": "Diagnostic",
              "name": "PCR",
              "results": [
                {
                  "name": "Negative"
                }
              ]
            }
          ],
          "makesEligibleOrIneligible": "Ineligible"
        }
      ],
      "validityPeriodHours": 720,
      "formatExpiry": "Hours"
    },
    {
      "configurationName": "Vacc-Janssen",
      "certificateType": "Vaccination",
      "scenario": "Domestic",
      "conditions": [
        {
          "nameOfProduct": "Janssen-Cilag International",
          "snomedCodes": null,
          "vaccineCombinations": null,
          "productType": "Vaccination",
          "eligibilityPeriodHours": 240000,
          "formatValidity": "Hours",
          "maximumHoursBetweenResults": null,
          "minimumHoursBetweenResults": null,
          "minCount": 1,
          "resultValidAfterHoursFromLastResult": 336,
          "result": null,
          "notFollowedBy": [],
          "makesEligibleOrIneligible": "Eligible"
        },
        {
          "nameOfProduct": "PCR",
          "snomedCodes": null,
          "vaccineCombinations": null,
          "productType": "Diagnostic",
          "eligibilityPeriodHours": 240,
          "formatValidity": "Hours",
          "maximumHoursBetweenResults": null,
          "minimumHoursBetweenResults": null,
          "minCount": 1,
          "resultValidAfterHoursFromLastResult": 0,
          "result": "Positive",
          "notFollowedBy": [],
          "makesEligibleOrIneligible": "Ineligible"
        },
        {
          "nameOfProduct": "LFT",
          "snomedCodes": null,
          "vaccineCombinations": null,
          "productType": "Diagnostic",
          "eligibilityPeriodHours": 240,
          "formatValidity": "Hours",
          "maximumHoursBetweenResults": null,
          "minimumHoursBetweenResults": null,
          "minCount": 1,
          "resultValidAfterHoursFromLastResult": 0,
          "result": "Positive",
          "notFollowedBy": [
            {
              "productType": "Diagnostic",
              "name": "PCR",
              "results": [
                {
                  "name": "Negative"
                }
              ]
            }
          ],
          "makesEligibleOrIneligible": "Ineligible"
        },
        {
          "nameOfProduct": "UNKNOWN",
          "snomedCodes": null,
          "vaccineCombinations": null,
          "productType": "Diagnostic",
          "eligibilityPeriodHours": 240,
          "formatValidity": "Hours",
          "maximumHoursBetweenResults": null,
          "minimumHoursBetweenResults": null,
          "minCount": 1,
          "resultValidAfterHoursFromLastResult": 0,
          "result": "Positive",
          "notFollowedBy": [
            {
              "productType": "Diagnostic",
              "name": "PCR",
              "results": [
                {
                  "name": "Negative"
                }
              ]
            }
          ],
          "makesEligibleOrIneligible": "Ineligible"
        }
      ],
      "validityPeriodHours": 720,
      "formatExpiry": "Hours"
    },
    {
      "configurationName": "Vacc-Valneva",
      "certificateType": "Vaccination",
      "scenario": "Domestic",
      "conditions": [
        {
          "nameOfProduct": "Valneva Sweden AB",
          "snomedCodes": null,
          "vaccineCombinations": null,
          "productType": "Vaccination",
          "eligibilityPeriodHours": 240000,
          "formatValidity": "Hours",
          "maximumHoursBetweenResults": null,
          "minimumHoursBetweenResults": 504,
          "minCount": 2,
          "resultValidAfterHoursFromLastResult": 336,
          "result": null,
          "notFollowedBy": [],
          "makesEligibleOrIneligible": "Eligible"
        },
        {
          "nameOfProduct": "PCR",
          "snomedCodes": null,
          "vaccineCombinations": null,
          "productType": "Diagnostic",
          "eligibilityPeriodHours": 240,
          "formatValidity": "Hours",
          "maximumHoursBetweenResults": null,
          "minimumHoursBetweenResults": null,
          "minCount": 1,
          "resultValidAfterHoursFromLastResult": 0,
          "result": "Positive",
          "notFollowedBy": [],
          "makesEligibleOrIneligible": "Ineligible"
        },
        {
          "nameOfProduct": "LFT",
          "snomedCodes": null,
          "vaccineCombinations": null,
          "productType": "Diagnostic",
          "eligibilityPeriodHours": 240,
          "formatValidity": "Hours",
          "maximumHoursBetweenResults": null,
          "minimumHoursBetweenResults": null,
          "minCount": 1,
          "resultValidAfterHoursFromLastResult": 0,
          "result": "Positive",
          "notFollowedBy": [
            {
              "productType": "Diagnostic",
              "name": "PCR",
              "results": [
                {
                  "name": "Negative"
                }
              ]
            }
          ],
          "makesEligibleOrIneligible": "Ineligible"
        },
        {
          "nameOfProduct": "UNKNOWN",
          "snomedCodes": null,
          "vaccineCombinations": null,
          "productType": "Diagnostic",
          "eligibilityPeriodHours": 240,
          "formatValidity": "Hours",
          "maximumHoursBetweenResults": null,
          "minimumHoursBetweenResults": null,
          "minCount": 1,
          "resultValidAfterHoursFromLastResult": 0,
          "result": "Positive",
          "notFollowedBy": [
            {
              "productType": "Diagnostic",
              "name": "PCR",
              "results": [
                {
                  "name": "Negative"
                }
              ]
            }
          ],
          "makesEligibleOrIneligible": "Ineligible"
        }
      ],
      "validityPeriodHours": 720,
      "formatExpiry": "Hours"
    },
    {
      "configurationName": "Vacc-Novavax",
      "certificateType": "Vaccination",
      "scenario": "Domestic",
      "conditions": [
        {
          "nameOfProduct": "Novavax CZ AS",
          "snomedCodes": null,
          "vaccineCombinations": null,
          "productType": "Vaccination",
          "eligibilityPeriodHours": 240000,
          "formatValidity": "Hours",
          "maximumHoursBetweenResults": null,
          "minimumHoursBetweenResults": 504,
          "minCount": 2,
          "resultValidAfterHoursFromLastResult": 336,
          "result": null,
          "notFollowedBy": [],
          "makesEligibleOrIneligible": "Eligible"
        },
        {
          "nameOfProduct": "PCR",
          "snomedCodes": null,
          "vaccineCombinations": null,
          "productType": "Diagnostic",
          "eligibilityPeriodHours": 240,
          "formatValidity": "Hours",
          "maximumHoursBetweenResults": null,
          "minimumHoursBetweenResults": null,
          "minCount": 1,
          "resultValidAfterHoursFromLastResult": 0,
          "result": "Positive",
          "notFollowedBy": [],
          "makesEligibleOrIneligible": "Ineligible"
        },
        {
          "nameOfProduct": "LFT",
          "snomedCodes": null,
          "vaccineCombinations": null,
          "productType": "Diagnostic",
          "eligibilityPeriodHours": 240,
          "formatValidity": "Hours",
          "maximumHoursBetweenResults": null,
          "minimumHoursBetweenResults": null,
          "minCount": 1,
          "resultValidAfterHoursFromLastResult": 0,
          "result": "Positive",
          "notFollowedBy": [
            {
              "productType": "Diagnostic",
              "name": "PCR",
              "results": [
                {
                  "name": "Negative"
                }
              ]
            }
          ],
          "makesEligibleOrIneligible": "Ineligible"
        },
        {
          "nameOfProduct": "UNKNOWN",
          "snomedCodes": null,
          "vaccineCombinations": null,
          "productType": "Diagnostic",
          "eligibilityPeriodHours": 240,
          "formatValidity": "Hours",
          "maximumHoursBetweenResults": null,
          "minimumHoursBetweenResults": null,
          "minCount": 1,
          "resultValidAfterHoursFromLastResult": 0,
          "result": "Positive",
          "notFollowedBy": [
            {
              "productType": "Diagnostic",
              "name": "PCR",
              "results": [
                {
                  "name": "Negative"
                }
              ]
            }
          ],
          "makesEligibleOrIneligible": "Ineligible"
        }
      ],
      "validityPeriodHours": 720,
      "formatExpiry": "Hours"
    },
    {
      "configurationName": "Vacc-Medicago",
      "certificateType": "Vaccination",
      "scenario": "Domestic",
      "conditions": [
        {
          "nameOfProduct": "Medicago Inc",
          "snomedCodes": null,
          "vaccineCombinations": null,
          "productType": "Vaccination",
          "eligibilityPeriodHours": 240000,
          "formatValidity": "Hours",
          "maximumHoursBetweenResults": null,
          "minimumHoursBetweenResults": 504,
          "minCount": 2,
          "resultValidAfterHoursFromLastResult": 336,
          "result": null,
          "notFollowedBy": [],
          "makesEligibleOrIneligible": "Eligible"
        },
        {
          "nameOfProduct": "PCR",
          "snomedCodes": null,
          "vaccineCombinations": null,
          "productType": "Diagnostic",
          "eligibilityPeriodHours": 240,
          "formatValidity": "Hours",
          "maximumHoursBetweenResults": null,
          "minimumHoursBetweenResults": null,
          "minCount": 1,
          "resultValidAfterHoursFromLastResult": 0,
          "result": "Positive",
          "notFollowedBy": [],
          "makesEligibleOrIneligible": "Ineligible"
        },
        {
          "nameOfProduct": "LFT",
          "snomedCodes": null,
          "vaccineCombinations": null,
          "productType": "Diagnostic",
          "eligibilityPeriodHours": 240,
          "formatValidity": "Hours",
          "maximumHoursBetweenResults": null,
          "minimumHoursBetweenResults": null,
          "minCount": 1,
          "resultValidAfterHoursFromLastResult": 0,
          "result": "Positive",
          "notFollowedBy": [
            {
              "productType": "Diagnostic",
              "name": "PCR",
              "results": [
                {
                  "name": "Negative"
                }
              ]
            }
          ],
          "makesEligibleOrIneligible": "Ineligible"
        },
        {
          "nameOfProduct": "UNKNOWN",
          "snomedCodes": null,
          "vaccineCombinations": null,
          "productType": "Diagnostic",
          "eligibilityPeriodHours": 240,
          "formatValidity": "Hours",
          "maximumHoursBetweenResults": null,
          "minimumHoursBetweenResults": null,
          "minCount": 1,
          "resultValidAfterHoursFromLastResult": 0,
          "result": "Positive",
          "notFollowedBy": [
            {
              "productType": "Diagnostic",
              "name": "PCR",
              "results": [
                {
                  "name": "Negative"
                }
              ]
            }
          ],
          "makesEligibleOrIneligible": "Ineligible"
        }
      ],
      "validityPeriodHours": 720,
      "formatExpiry": "Hours"
    },

    {
      "configurationName": "Recovery-PCR",
      "certificateType": "Recovery",
      "scenario": "Domestic",
      "conditions": [
        {
          "nameOfProduct": "PCR",
          "snomedCodes": null,
          "vaccineCombinations": null,
          "productType": "Diagnostic",
          "eligibilityPeriodHours": 4080,
          "formatValidity": "Days",
          "maximumHoursBetweenResults": null,
          "minimumHoursBetweenResults": null,
          "minCount": 1,
          "resultValidAfterHoursFromLastResult": 240,
          "result": "Positive",
          "notFollowedBy": [],
          "makesEligibleOrIneligible": "Eligible"
        },
        {
          "nameOfProduct": "PCR",
          "snomedCodes": null,
          "vaccineCombinations": null,
          "productType": "Diagnostic",
          "eligibilityPeriodHours": 240,
          "formatValidity": "Hours",
          "maximumHoursBetweenResults": null,
          "minimumHoursBetweenResults": null,
          "minCount": 1,
          "resultValidAfterHoursFromLastResult": 0,
          "result": "Positive",
          "notFollowedBy": [],
          "makesEligibleOrIneligible": "Ineligible"
        },
        {
          "nameOfProduct": "LFT",
          "snomedCodes": null,
          "vaccineCombinations": null,
          "productType": "Diagnostic",
          "eligibilityPeriodHours": 240,
          "formatValidity": "Hours",
          "maximumHoursBetweenResults": null,
          "minimumHoursBetweenResults": null,
          "minCount": 1,
          "resultValidAfterHoursFromLastResult": 0,
          "result": "Positive",
          "notFollowedBy": [
            {
              "productType": "Diagnostic",
              "name": "PCR",
              "results": [
                {
                  "name": "Negative"
                }
              ]
            }
          ],
          "makesEligibleOrIneligible": "Ineligible"
        },
        {
          "nameOfProduct": "UNKNOWN",
          "snomedCodes": null,
          "vaccineCombinations": null,
          "productType": "Diagnostic",
          "eligibilityPeriodHours": 240,
          "formatValidity": "Hours",
          "maximumHoursBetweenResults": null,
          "minimumHoursBetweenResults": null,
          "minCount": 1,
          "resultValidAfterHoursFromLastResult": 0,
          "result": "Positive",
          "notFollowedBy": [
            {
              "productType": "Diagnostic",
              "name": "PCR",
              "results": [
                {
                  "name": "Negative"
                }
              ]
            }
          ],
          "makesEligibleOrIneligible": "Ineligible"
        }
      ],
      "validityPeriodHours": 720,
      "formatExpiry": "Days"
    },
    {
      "configurationName": "Diag-PCR",
      "certificateType": "Diagnostic",
      "scenario": "Domestic",
      "conditions": [
        {
          "nameOfProduct": "PCR",
          "snomedCodes": null,
          "vaccineCombinations": null,
          "productType": "Diagnostic",
          "eligibilityPeriodHours": 48,
          "formatValidity": "Hours",
          "maximumHoursBetweenResults": null,
          "minimumHoursBetweenResults": null,
          "minCount": 1,
          "resultValidAfterHoursFromLastResult": 0,
          "result": "Negative",
          "notFollowedBy": [],
          "makesEligibleOrIneligible": "Eligible"
        },
        {
          "nameOfProduct": "PCR",
          "snomedCodes": null,
          "vaccineCombinations": null,
          "productType": "Diagnostic",
          "eligibilityPeriodHours": 240,
          "formatValidity": "Hours",
          "maximumHoursBetweenResults": null,
          "minimumHoursBetweenResults": null,
          "minCount": 1,
          "resultValidAfterHoursFromLastResult": 0,
          "result": "Positive",
          "notFollowedBy": [],
          "makesEligibleOrIneligible": "Ineligible"
        },
        {
          "nameOfProduct": "LFT",
          "snomedCodes": null,
          "vaccineCombinations": null,
          "productType": "Diagnostic",
          "eligibilityPeriodHours": 240,
          "formatValidity": "Hours",
          "maximumHoursBetweenResults": null,
          "minimumHoursBetweenResults": null,
          "minCount": 1,
          "resultValidAfterHoursFromLastResult": 0,
          "result": "Positive",
          "notFollowedBy": [
            {
              "productType": "Diagnostic",
              "name": "PCR",
              "results": [
                {
                  "name": "Negative"
                }
              ]
            }
          ],
          "makesEligibleOrIneligible": "Ineligible"
        },
        {
          "nameOfProduct": "UNKNOWN",
          "snomedCodes": null,
          "vaccineCombinations": null,
          "productType": "Diagnostic",
          "eligibilityPeriodHours": 240,
          "formatValidity": "Hours",
          "maximumHoursBetweenResults": null,
          "minimumHoursBetweenResults": null,
          "minCount": 1,
          "resultValidAfterHoursFromLastResult": 0,
          "result": "Positive",
          "notFollowedBy": [
            {
              "productType": "Diagnostic",
              "name": "PCR",
              "results": [
                {
                  "name": "Negative"
                }
              ]
            }
          ],
          "makesEligibleOrIneligible": "Ineligible"
        }
      ],
      "validityPeriodHours": 48,
      "formatExpiry": "Hours"
    },
    {
      "configurationName": "Diag-LFT",
      "certificateType": "Diagnostic",
      "scenario": "Domestic",
      "conditions": [
        {
          "nameOfProduct": "LFT",
          "snomedCodes": null,
          "vaccineCombinations": null,
          "productType": "Diagnostic",
          "eligibilityPeriodHours": 48,
          "formatValidity": "Hours",
          "maximumHoursBetweenResults": null,
          "minimumHoursBetweenResults": null,
          "minCount": 1,
          "resultValidAfterHoursFromLastResult": 0,
          "result": "Negative",
          "notFollowedBy": [],
          "makesEligibleOrIneligible": "Eligible"
        },
        {
          "nameOfProduct": "PCR",
          "snomedCodes": null,
          "vaccineCombinations": null,
          "productType": "Diagnostic",
          "eligibilityPeriodHours": 240,
          "formatValidity": "Hours",
          "maximumHoursBetweenResults": null,
          "minimumHoursBetweenResults": null,
          "minCount": 1,
          "resultValidAfterHoursFromLastResult": 0,
          "result": "Positive",
          "notFollowedBy": [],
          "makesEligibleOrIneligible": "Ineligible"
        },
        {
          "nameOfProduct": "LFT",
          "snomedCodes": null,
          "vaccineCombinations": null,
          "productType": "Diagnostic",
          "eligibilityPeriodHours": 240,
          "formatValidity": "Hours",
          "maximumHoursBetweenResults": null,
          "minimumHoursBetweenResults": null,
          "minCount": 1,
          "resultValidAfterHoursFromLastResult": 0,
          "result": "Positive",
          "notFollowedBy": [
            {
              "productType": "Diagnostic",
              "name": "PCR",
              "results": [
                {
                  "name": "Negative"
                }
              ]
            }
          ],
          "makesEligibleOrIneligible": "Ineligible"
        },
        {
          "nameOfProduct": "UNKNOWN",
          "snomedCodes": null,
          "vaccineCombinations": null,
          "productType": "Diagnostic",
          "eligibilityPeriodHours": 240,
          "formatValidity": "Hours",
          "maximumHoursBetweenResults": null,
          "minimumHoursBetweenResults": null,
          "minCount": 1,
          "resultValidAfterHoursFromLastResult": 0,
          "result": "Positive",
          "notFollowedBy": [
            {
              "productType": "Diagnostic",
              "name": "PCR",
              "results": [
                {
                  "name": "Negative"
                }
              ]
            }
          ],
          "makesEligibleOrIneligible": "Ineligible"
        }
      ],
      "validityPeriodHours": 48,
      "formatExpiry": "Hours"
    },
    {
      "configurationName": "Diag-Unknown",
      "certificateType": "Diagnostic",
      "scenario": "Domestic",
      "conditions": [
        {
          "nameOfProduct": "UNKNOWN",
          "snomedCodes": null,
          "vaccineCombinations": null,
          "productType": "Diagnostic",
          "eligibilityPeriodHours": 48,
          "formatValidity": "Hours",
          "maximumHoursBetweenResults": null,
          "minimumHoursBetweenResults": null,
          "minCount": 1,
          "resultValidAfterHoursFromLastResult": 0,
          "result": "Negative",
          "notFollowedBy": [],
          "makesEligibleOrIneligible": "Eligible"
        },
        {
          "nameOfProduct": "PCR",
          "snomedCodes": null,
          "vaccineCombinations": null,
          "productType": "Diagnostic",
          "eligibilityPeriodHours": 240,
          "formatValidity": "Hours",
          "maximumHoursBetweenResults": null,
          "minimumHoursBetweenResults": null,
          "minCount": 1,
          "resultValidAfterHoursFromLastResult": 0,
          "result": "Positive",
          "notFollowedBy": [],
          "makesEligibleOrIneligible": "Ineligible"
        },
        {
          "nameOfProduct": "LFT",
          "snomedCodes": null,
          "vaccineCombinations": null,
          "productType": "Diagnostic",
          "eligibilityPeriodHours": 240,
          "formatValidity": "Hours",
          "maximumHoursBetweenResults": null,
          "minimumHoursBetweenResults": null,
          "minCount": 1,
          "resultValidAfterHoursFromLastResult": 0,
          "result": "Positive",
          "notFollowedBy": [
            {
              "productType": "Diagnostic",
              "name": "PCR",
              "results": [
                {
                  "name": "Negative"
                }
              ]
            }
          ],
          "makesEligibleOrIneligible": "Ineligible"
        },
        {
          "nameOfProduct": "UNKNOWN",
          "snomedCodes": null,
          "vaccineCombinations": null,
          "productType": "Diagnostic",
          "eligibilityPeriodHours": 240,
          "formatValidity": "Hours",
          "maximumHoursBetweenResults": null,
          "minimumHoursBetweenResults": null,
          "minCount": 1,
          "resultValidAfterHoursFromLastResult": 0,
          "result": "Positive",
          "notFollowedBy": [
            {
              "productType": "Diagnostic",
              "name": "PCR",
              "results": [
                {
                  "name": "Negative"
                }
              ]
            }
          ],
          "makesEligibleOrIneligible": "Ineligible"
        }
      ],
      "validityPeriodHours": 48,
      "formatExpiry": "Hours"
    },
    {
      "configurationName": "Recovery-PCR-International",
      "certificateType": "Recovery",
      "scenario": "International",
      "conditions": [
        {
          "nameOfProduct": "PCR",
          "snomedCodes": null,
          "vaccineCombinations": null,
          "productType": "Diagnostic",
          "eligibilityPeriodHours": 4080,
          "formatValidity": "Days",
          "maximumHoursBetweenResults": null,
          "minimumHoursBetweenResults": null,
          "minCount": 1,
          "resultValidAfterHoursFromLastResult": 240,
          "result": "Positive",
          "notFollowedBy": [],
          "makesEligibleOrIneligible": "Eligible"
        },
        {
          "nameOfProduct": "PCR",
          "snomedCodes": null,
          "vaccineCombinations": null,
          "productType": "Diagnostic",
          "eligibilityPeriodHours": 240,
          "formatValidity": "Hours",
          "maximumHoursBetweenResults": null,
          "minimumHoursBetweenResults": null,
          "minCount": 1,
          "resultValidAfterHoursFromLastResult": 0,
          "result": "Positive",
          "notFollowedBy": [],
          "makesEligibleOrIneligible": "Ineligible"
        },
        {
          "nameOfProduct": "LFT",
          "snomedCodes": null,
          "vaccineCombinations": null,
          "productType": "Diagnostic",
          "eligibilityPeriodHours": 240,
          "formatValidity": "Hours",
          "maximumHoursBetweenResults": null,
          "minimumHoursBetweenResults": null,
          "minCount": 1,
          "resultValidAfterHoursFromLastResult": 0,
          "result": "Positive",
          "notFollowedBy": [
            {
              "productType": "Diagnostic",
              "name": "PCR",
              "results": [ { "name": "Negative" } ]
            }
          ],
          "makesEligibleOrIneligible": "Ineligible"
        },
        {
          "nameOfProduct": "UNKNOWN",
          "snomedCodes": null,
          "vaccineCombinations": null,
          "productType": "Diagnostic",
          "eligibilityPeriodHours": 240,
          "formatValidity": "Hours",
          "maximumHoursBetweenResults": null,
          "minimumHoursBetweenResults": null,
          "minCount": 1,
          "resultValidAfterHoursFromLastResult": 0,
          "result": "Positive",
          "notFollowedBy": [
            {
              "productType": "Diagnostic",
              "name": "PCR",
              "results": [ { "name": "Negative" } ]
            }
          ],
          "makesEligibleOrIneligible": "Ineligible"
        }
      ],
      "validityPeriodHours": 720,
      "formatExpiry": "Hours"
    },
    {
      "configurationName": "Vaccination-International",
      "certificateType": "Vaccination",
      "scenario": "International",
      "conditions": [
        {
          "nameOfProduct": null,
          "snomedCodes": [ "39375411000001104", "39327011000001102", "39326911000001101", "39115711000001107", "39214511000001101", "39115611000001103", "39115011000001105", "39115111000001106", "39301211000001105", "39301311000001102", "39114911000001105", "39230211000001104", "39230311000001107", "39230411000001100", "39373511000001104", "39473011000001103", "39826711000001100", "39826911000001104", "39827011000001100" ],
          "vaccineCombinations": null,
          "productType": "Vaccination",
          "eligibilityPeriodHours": 10000,
          "formatValidity": "Days",
          "maximumHoursBetweenResults": null,
          "minimumHoursBetweenResults": null,
          "minCount": 1,
          "resultValidAfterHoursFromLastResult": 0,
          "result": null,
          "notFollowedBy": [],
          "makesEligibleOrIneligible": "Eligible"
        },
        {
          "nameOfProduct": "PCR",
          "snomedCodes": null,
          "vaccineCombinations": null,
          "productType": "Diagnostic",
          "eligibilityPeriodHours": 240,
          "formatValidity": "Hours",
          "maximumHoursBetweenResults": null,
          "minimumHoursBetweenResults": null,
          "minCount": 1,
          "resultValidAfterHoursFromLastResult": 0,
          "result": "Positive",
          "notFollowedBy": [],
          "makesEligibleOrIneligible": "Ineligible"
        },
        {
          "nameOfProduct": "LFT",
          "snomedCodes": null,
          "vaccineCombinations": null,
          "productType": "Diagnostic",
          "eligibilityPeriodHours": 240,
          "formatValidity": "Hours",
          "maximumHoursBetweenResults": null,
          "minimumHoursBetweenResults": null,
          "minCount": 1,
          "resultValidAfterHoursFromLastResult": 0,
          "result": "Positive",
          "notFollowedBy": [
            {
              "productType": "Diagnostic",
              "name": "PCR",
              "results": [ { "name": "Negative" } ]
            }
          ],
          "makesEligibleOrIneligible": "Ineligible"
        },
        {
          "nameOfProduct": "UNKNOWN",
          "snomedCodes": null,
          "vaccineCombinations": null,
          "productType": "Diagnostic",
          "eligibilityPeriodHours": 240,
          "formatValidity": "Hours",
          "maximumHoursBetweenResults": null,
          "minimumHoursBetweenResults": null,
          "minCount": 1,
          "resultValidAfterHoursFromLastResult": 0,
          "result": "Positive",
          "notFollowedBy": [
            {
              "productType": "Diagnostic",
              "name": "PCR",
              "results": [ { "name": "Negative" } ]
            }
          ],
          "makesEligibleOrIneligible": "Ineligible"
        }
      ],
      "validityPeriodHours": 720,
      "formatExpiry": "Hours"
    },
    {
      "configurationName": "Vaccination-vaccineCombinations",
      "certificateType": "Vaccination",
      "scenario": "Domestic",
      "conditions": [
        {
          "nameOfProduct": null,
          "snomedCodes": null,
          "vaccineCombinations": [
            [ "Moderna Biotech Spain S.L", "Biontech Manufacturing GmbH" ],
            [ "Moderna Biotech Spain S.L", "AstraZeneca AB" ],
            [ "Moderna Biotech Spain S.L", "Novavax CZ AS" ],
            [ "Biontech Manufacturing GmbH", "Moderna Biotech Spain S.L" ],
            [ "Biontech Manufacturing GmbH", "AstraZeneca AB" ],
            [ "Biontech Manufacturing GmbH", "Novavax CZ AS" ],
            [ "AstraZeneca AB", "Moderna Biotech Spain S.L" ],
            [ "AstraZeneca AB", "Biontech Manufacturing GmbH" ],
            [ "AstraZeneca AB", "Novavax CZ AS" ],
            [ "Novavax CZ AS", "Moderna Biotech Spain S.L" ],
            [ "Novavax CZ AS", "Biontech Manufacturing GmbH" ],
            [ "Novavax CZ AS", "AstraZeneca AB" ]
          ],
          "productType": "Vaccination",
          "eligibilityPeriodHours": 240000,
          "formatValidity": "Days",
          "maximumHoursBetweenResults": null,
          "minimumHoursBetweenResults": 504,
          "minCount": 2,
          "resultValidAfterHoursFromLastResult": 336,
          "result": null,
          "notFollowedBy": [],
          "makesEligibleOrIneligible": "Eligible"
        },
        {
          "nameOfProduct": "PCR",
          "snomedCodes": null,
          "vaccineCombinations": null,
          "productType": "Diagnostic",
          "eligibilityPeriodHours": 240,
          "formatValidity": "Hours",
          "maximumHoursBetweenResults": null,
          "minimumHoursBetweenResults": null,
          "minCount": 1,
          "resultValidAfterHoursFromLastResult": 0,
          "result": "Positive",
          "notFollowedBy": [],
          "makesEligibleOrIneligible": "Ineligible"
        },
        {
          "nameOfProduct": "LFT",
          "snomedCodes": null,
          "vaccineCombinations": null,
          "productType": "Diagnostic",
          "eligibilityPeriodHours": 240,
          "formatValidity": "Hours",
          "maximumHoursBetweenResults": null,
          "minimumHoursBetweenResults": null,
          "minCount": 1,
          "resultValidAfterHoursFromLastResult": 0,
          "result": "Positive",
          "notFollowedBy": [
            {
              "productType": "Diagnostic",
              "name": "PCR",
              "results": [ { "name": "Negative" } ]
            }
          ],
          "makesEligibleOrIneligible": "Ineligible"
        },
        {
          "nameOfProduct": "UNKNOWN",
          "snomedCodes": null,
          "vaccineCombinations": null,
          "productType": "Diagnostic",
          "eligibilityPeriodHours": 240,
          "formatValidity": "Hours",
          "maximumHoursBetweenResults": null,
          "minimumHoursBetweenResults": null,
          "minCount": 1,
          "resultValidAfterHoursFromLastResult": 0,
          "result": "Positive",
          "notFollowedBy": [
            {
              "productType": "Diagnostic",
              "name": "PCR",
              "results": [ { "name": "Negative" } ]
            }
          ],
          "makesEligibleOrIneligible": "Ineligible"
        }
      ],
      "validityPeriodHours": 720,
      "formatExpiry": "Hours"
    }
  ],
  "domesticExemptions": { "certificateExpiresInHours": 720 }
}