{
  "39375411000001104": {
    "MANUFACTURER": [ "ORG-100031184", "Moderna Biotech Spain S.L" ],
    "DISEASE": [ "840539006", "COVID-19" ],
    "PRODUCT": [ "EU/1/20/1507", "COVID-19 Vaccine Moderna", "COVID-19 Vaccine Moderna" ],
    "VACCINE": [ "1119349007", "SARS Cov-2 mRNA Vaccine" ],
    "TOTALSERIESOFDOSES": 2
  },
  "39327011000001102": {
    "MANUFACTURER": [ "ORG-100031184", "Moderna Biotech Spain S.L" ],
    "DISEASE": [ "840539006", "COVID-19" ],
    "PRODUCT": [ "EU/1/20/1507", "COVID-19 Vaccine Moderna", "COVID-19 Vaccine Moderna" ],
    "VACCINE": [ "1119349007", "SARS Cov-2 mRNA Vaccine" ],
    "TOTALSERIESOFDOSES": 2
  },
  "39326911000001101": {
    "MANUFACTURER": [ "ORG-100031184", "Moderna Biotech Spain S.L" ],
    "DISEASE": [ "840539006", "COVID-19" ],
    "PRODUCT": [ "EU/1/20/1507", "COVID-19 Vaccine Moderna", "COVID-19 Vaccine Moderna" ],
    "VACCINE": [ "1119349007", "SARS Cov-2 mRNA Vaccine" ],
    "TOTALSERIESOFDOSES": 2
  },
  "39115711000001107": {
    "MANUFACTURER": [ "ORG-100030215", "Biontech Manufacturing GmbH" ],
    "DISEASE": [ "840539006", "COVID-19" ],
    "PRODUCT": [ "EU/1/20/1528", "Comirnaty", "Pfizer/BioNTech COVID-19 vaccine" ],
    "VACCINE": [ "1119349007", "SARS Cov-2 mRNA Vaccine" ],
    "TOTALSERIESOFDOSES": 2
  },
  "39214511000001101": {
    "MANUFACTURER": [ "ORG-100030215", "Biontech Manufacturing GmbH" ],
    "DISEASE": [ "840539006", "COVID-19" ],
    "PRODUCT": [ "EU/1/20/1528", "Comirnaty", "Pfizer/BioNTech COVID-19 vaccine" ],
    "VACCINE": [ "1119349007", "SARS Cov-2 mRNA Vaccine" ],
    "TOTALSERIESOFDOSES": 2
  },
  "39115611000001103": {
    "MANUFACTURER": [ "ORG-100030215", "Biontech Manufacturing GmbH" ],
    "DISEASE": [ "840539006", "COVID-19" ],
    "PRODUCT": [ "EU/1/20/1528", "Comirnaty", "Pfizer/BioNTech COVID-19 vaccine" ],
    "VACCINE": [ "1119349007", "SARS Cov-2 mRNA Vaccine" ],
    "TOTALSERIESOFDOSES": 2
  },
  "39115011000001105": {
    "MANUFACTURER": [ "ORG-100001699", "AstraZeneca AB" ],
    "DISEASE": [ "840539006", "COVID-19" ],
    "PRODUCT": [ "EU/1/21/1529", "Vaxzevria", "COVID-19 Vaccine AstraZeneca" ],
    "VACCINE": [ "1119305005", "SARS CoV-2 Antigen Vaccine" ],
    "TOTALSERIESOFDOSES": 2
  },
  "39115111000001106": {
    "MANUFACTURER": [ "ORG-100001699", "AstraZeneca AB" ],
    "DISEASE": [ "840539006", "COVID-19" ],
    "PRODUCT": [ "EU/1/21/1529", "Vaxzevria", "COVID-19 Vaccine AstraZeneca" ],
    "VACCINE": [ "1119305005", "SARS CoV-2 Antigen Vaccine" ],
    "TOTALSERIESOFDOSES": 2
  },
  "39301211000001105": {
    "MANUFACTURER": [ "ORG-100001699", "AstraZeneca AB" ],
    "DISEASE": [ "840539006", "COVID-19" ],
    "PRODUCT": [ "EU/1/21/1529", "Vaxzevria", "COVID-19 Vaccine AstraZeneca" ],
    "VACCINE": [ "1119305005", "SARS CoV-2 Antigen Vaccine" ],
    "TOTALSERIESOFDOSES": 2
  },
  "39301311000001102": {
    "MANUFACTURER": [ "ORG-100001699", "AstraZeneca AB" ],
    "DISEASE": [ "840539006", "COVID-19" ],
    "PRODUCT": [ "EU/1/21/1529", "Vaxzevria", "COVID-19 Vaccine AstraZeneca" ],
    "VACCINE": [ "1119305005", "SARS CoV-2 Antigen Vaccine" ],
    "TOTALSERIESOFDOSES": 2
  },
  "39114911000001105": {
    "MANUFACTURER": [ "ORG-100001699", "AstraZeneca AB" ],
    "DISEASE": [ "840539006", "COVID-19" ],
    "PRODUCT": [ "EU/1/21/1529", "Vaxzevria", "COVID-19 Vaccine AstraZeneca" ],
    "VACCINE": [ "1119305005", "SARS CoV-2 Antigen Vaccine" ],
    "TOTALSERIESOFDOSES": 2
  },
  "39230211000001104": {
    "MANUFACTURER": [ "ORG-100001417", "Janssen-Cilag International" ],
    "DISEASE": [ "840539006", "COVID-19" ],
    "PRODUCT": [ "EU/1/20/1525", "COVID-19 Vaccine Janssen", "COVID-19 Vaccine Janssen" ],
    "VACCINE": [ "1119305005", "SARS CoV-2 Antigen Vaccine" ],
    "TOTALSERIESOFDOSES": 1
  },
  "39230311000001107": {
    "MANUFACTURER": [ "ORG-100001417", "Janssen-Cilag International" ],
    "DISEASE": [ "840539006", "COVID-19" ],
    "PRODUCT": [ "EU/1/20/1525", "COVID-19 Vaccine Janssen", "COVID-19 Vaccine Janssen" ],
    "VACCINE": [ "1119305005", "SARS CoV-2 Antigen Vaccine" ],
    "TOTALSERIESOFDOSES": 1
  },
  "39230411000001100": {
    "MANUFACTURER": [ "ORG-100001417", "Janssen-Cilag International" ],
    "DISEASE": [ "840539006", "COVID-19" ],
    "PRODUCT": [ "EU/1/20/1525", "COVID-19 Vaccine Janssen", "COVID-19 Vaccine Janssen" ],
    "VACCINE": [ "1119305005", "SARS CoV-2 Antigen Vaccine" ],
    "TOTALSERIESOFDOSES": 1
  },
  "39374411000001100": {
    "MANUFACTURER": [ "ORG-100002068", "Valneva Sweden AB" ],
    "DISEASE": [ "840539006", "COVID-19" ],
    "PRODUCT": [ "", "Vaccine Trial", "COVID-19 Vaccine Valneva" ],
    "VACCINE": [ "J07BX03", "COVID-19 Vaccines" ],
    "TOTALSERIESOFDOSES": 2
  },
  "39373511000001104": {
    "MANUFACTURER": [ "ORG-100002068", "Valneva Sweden AB" ],
    "DISEASE": [ "840539006", "COVID-19" ],
    "PRODUCT": [ "", "Vaccine Trial", "COVID-19 Vaccine Valneva" ],
    "VACCINE": [ "J07BX03", "COVID-19 Vaccines" ],
    "TOTALSERIESOFDOSES": 2
  },
  "39374711000001106": {
    "MANUFACTURER": [ "ORG-100002068", "Valneva Sweden AB" ],
    "DISEASE": [ "840539006", "COVID-19" ],
    "PRODUCT": [ "", "Vaccine Trial", "COVID-19 Vaccine Valneva" ],
    "VACCINE": [ "J07BX03", "COVID-19 Vaccines" ],
    "TOTALSERIESOFDOSES": 2
  },
  "39473011000001103": {
    "MANUFACTURER": [ "ORG-100032020", "Novavax CZ AS" ],
    "DISEASE": [ "840539006", "COVID-19" ],
    "PRODUCT": [ "", "Vaccine Trial", "COVID-19 Vaccine Novavax" ],
    "VACCINE": [ "J07BX03", "COVID-19 Vaccines" ],
    "TOTALSERIESOFDOSES": 2
  },
  "39473111000001102": {
    "MANUFACTURER": [ "ORG-100032020", "Novavax CZ AS" ],
    "DISEASE": [ "840539006", "COVID-19" ],
    "PRODUCT": [ "", "Vaccine Trial", "COVID-19 Vaccine Novavax" ],
    "VACCINE": [ "J07BX03", "COVID-19 Vaccines" ],
    "TOTALSERIESOFDOSES": 2
  },
  "39473211000001108": {
    "MANUFACTURER": [ "ORG-100032020", "Novavax CZ AS" ],
    "DISEASE": [ "840539006", "COVID-19" ],
    "PRODUCT": [ "", "Vaccine Trial", "COVID-19 Vaccine Novavax" ],
    "VACCINE": [ "J07BX03", "COVID-19 Vaccines" ],
    "TOTALSERIESOFDOSES": 2
  },
  "39826711000001101": {
    "MANUFACTURER": [ "ORG-100008549", "Medicago Inc" ],
    "DISEASE": [ "840539006", "COVID-19" ],
    "PRODUCT": [ "", "Vaccine Trial", "COVID-19 Vaccine Medicago" ],
    "VACCINE": [ "J07BX03", "COVID-19 Vaccines" ],
    "TOTALSERIESOFDOSES": 2
  },
  "39826911000001104": {
    "MANUFACTURER": [ "ORG-100008549", "Medicago Inc" ],
    "DISEASE": [ "840539006", "COVID-19" ],
    "PRODUCT": [ "", "Vaccine Trial", "COVID-19 Vaccine Medicago" ],
    "VACCINE": [ "J07BX03", "COVID-19 Vaccines" ],
    "TOTALSERIESOFDOSES": 2
  },
  "39827011000001100": {
    "MANUFACTURER": [ "ORG-100008549", "Medicago Inc" ],
    "DISEASE": [ "840539006", "COVID-19" ],
    "PRODUCT": [ "", "Vaccine Trial", "COVID-19 Vaccine Medicago" ],
    "VACCINE": [ "J07BX03", "COVID-19 Vaccines" ],
    "TOTALSERIESOFDOSES": 2
  }
}
